menus.cleanedNames,count
Cheese Pizza,392
White Pizza,332
Bbq Chicken Pizza,255
Hawaiian Pizza,237
1 Topping Pizza,186
Sicilian Pizza,184
Pizza By the Slice,171
Buffalo Chicken Pizza,167
Margherita Pizza,162
Veggie Pizza,159
Pizza Steak,149
Any Large Pizza,141
Meat Lovers Pizza,139
Pizza,128
Medium Cheese Pizza,123
Pepperoni Pizza,108
Stuffed Pizza,105
Vegetarian Pizza,95
Greek Pizza,94
Pizza Sub,89
Medium Gourmet Vegetarian Gluten Free Crust Pizza Baking Required,86
Pesto Pizza,85
Pizza Burger,82
14ampquot White Pizza,79
Spinach Pizza,79
Taco Pizza,79
Grandma Pizza,78
"7"" Pizza",74
Build Your Own Pizza,74
Gluten Free Pizza,72
Supreme Pizza,69
Pizza Bianca,68
Deluxe Pizza,66
Salad Pizza,64
Chicken Bacon Ranch Pizza,63
Pizza Bread,60
One Large 1 Item Pizza and 24 Wings for,59
Bacon Cheeseburger Pizza,56
Chicken Parmigiana Pizza,56
Lasagna Pizza,56
Pizza Fries,53
Italian Pizza,52
14ampquot Cheese Pizza,52
Sausage Pizza,52
Chicken Alfredo Pizza,52
Thin Crust Cheese Pizza,50
Pan Pizza,49
Eggplant Pizza,47
Kids Pizza,46
Mini Pizza,43
Primavera Pizza,43
Mexican Pizza,43
12ampquot GlutenFree Pizza,43
Medium Pizza Offers,42
Baked Ziti Pizza,41
Broccoli Pizza,39
Margarita Pizza,39
Big Murphy39s Stuffed Pizza Baking Required,39
1 Item Pizza,38
Mushroom Pizza,37
Pizza Mozzarella,37
Deep Dish Pizza,37
Meatball Pizza,37
Vegetable Pizza,36
Mediterranean Pizza,35
Chicago Pizza,35
Grilled Chicken Pizza,35
Special Pizza,35
Pizza Rolls,33
Specialty Pizza,33
New York Style Pizza,32
Combo Pizza,32
Vodka Pizza,32
Garlic Pizza,31
Artichoke Pizza,30
Blt Pizza,29
Papa39s Favorite Pizza Baking Required,29
Chicken Wing Pizza,29
2Nd Pizza of Equal Or Lesser Value,29
Veal Pizzaiola,28
Bbq Pizza,27
Personal Pizza,27
Chicken Bacon Stuffed Pizza Baking Required,26
Pepperoni Pizza Baking Required,26
Spicy Chicken Pizza,26
Caprese Pizza,26
Pizza Pie,25
Marinara Pizza,25
Chicken Pizzaiola,25
Philly Cheesesteak Pizza,25
Quattro Formaggi Pizza,23
Kid39s Pepperoni Pizza,23
Pizza Bianco,22
Breakfast Pizza,22
Shrimp Pizza,22
Catering Pepperoni Pizza,22
Gourmet White Pizza,22
Bruschetta Pizza,22
Napoli Pizza,22
Thai Pizza,20
Pineapple Pizza,20
The Works Pizza,20
Traditional Pizza,20
California Pizza,20
Fresh Tomatoes Pizza,19
Dessert Pizza,19
Four Cheese Pizza,19
Pizza Roma,17
Pita Pizza,17
16ampquot Buffalo Chicken Pizza,16
Pizza with Pepperoni and Mushrooms,16
Create Your Own Family Size Pizza Baking Required,16
Pizza Sandwich,16
Chicken Fajita Pizza,16
California Veggie Pizza,16
Tuscan Mushroom Pizza,16
Pronto Pizza,16
Chocolate Chip Pizza,15
Pizza Sauce,15
Onion Pizza,15
Two 6ampquot Pizzas,15
Pizza Blanca,15
Shrimp Scampi Pizza,14
Florentine Pizza,14
Garden Pizza,14
Gyro Pizza,14
Ricotta Pizza,14
Chicken Caesar Pizza,14
Cheeseburger Pizza,14
Party Pizza,14
Aloha Pizza,14
16 Medium Pizza,14
Chicken Marsala Pizza,14
Nutella Pizza,14
Lombardi Pizza,13
Mushroom Pepperoni Sausage Pizza and Soup Lunch Duo,13
Tostada Pizza,13
2 Slices Cheese Pizza & Soda,13
Zbq Pizza,13
Seafood Pizza,13
French Bread Pizza,13
Cowboy Pizza Baking Required,12
Green Pizza,12
S39mores Pizza,12
Roasted Garlic Chicken Pizza,12
Pasta Pizza,12
Whole Wheat Pizza,12
Steak Pizzaiola,12
"Individual 6"" Cheese Stuffed Deep Dish Pizza",12
Margherita GlutenFree Pizza,12
Lunch Size Pizza,12
Half and Half Pizza,12
Garden Veggie Pizza Baking Required,11
Hand Tossed Pizza,11
Salsiccia Pizza,11
Pizza Logs,11
Clam Pizza,11
The Original BBQ Chicken GlutenFree Pizza,11
Chicken Teriyaki Pizza,11
Carne Asada Pizza,11
Round Cheese Pizza,11
Small Canadian Bacon Pizza,11
Brooklyn Pizza,11
Three Cheese Pizza,11
Gluten Free Caprese Pizza,10
Pizza Fritta,10
Five Cheese Pizza,10
The Classic Pizza,10
Pizza Dog,10
1Topping Pizza,10
Carnivore Pizza,10
Calabrese Pizza,10
Rustica Pizza,10
Baby Pizza,10
Large Chicken Pizza,10
B.b.q Chicken Pizza,10
Favorite 4 Pizza,10
"Large 14"" Thin Crust Pizza",10
9 Inch Chicago Style Pizza Rustica,10
5 Cheese and Fresh Tomato Pizza,10
Cacciatore Pizza,9
Santa Fe Pizza,9
Chicken Chipotle Pizza,9
Angus Steak and Roasted Garlic Pizza Baking Required,9
Bbq Pork Pizza,9
"Garlic Chicken Pizza (Single 9"")",9
Pizza Della Nonna,9
2 Medium 2Topping Pizzas,9
Spicy Fennel Sausage Pizza Baking Required,9
Pizza Puff,9
"Goat Cheese, Chicken, and Sunned Tomato Pizza",9
Shaved Mushroom and Spinach Pizza and Soup Lunch Duo,9
Our Flagship Pizza,9
Pepperoni Pizza Fries,9
Cheese Pizza Or Calzone,9
Pizza Dough,9
2nd Pizza Deal,9
Chicken Pizza Slice,9
Gorgonzola Pizza,9
7ampquot Mini 1Topping Pizza Special,8
Large OneTopping Pan Pizza,8
Neapolitan Pizza,8
Barbeque Chicken Pizza,8
Small Classic Or Deluxe Pizza and a Small Garden Salad,8
Anchovy Pizza,8
Pepperoni and Jalapeno Pizza,8
Virgin Crust Pizza,8
Upside Down Pizza,8
Tonys Veggie Pizza,8
Pizza Focaccia,8
Pizza Genovese,8
Sorrento Pizza,8
Bella Works Pizza,8
Arugula Pizza,8
Signature Pizza,7
Royal Pizza,7
Hawailan Pizza,7
Smokehouse Combo Pizza,7
Pizza Constantine,7
Jamaican Jerk Chicken Pizza,7
Feta Cheese Pizza,7
9 Pizza,7
Luau Pizza,7
Fresh Basil Pizza,7
Vegas Pizza,7
John39s Favorite Pizza,7
Popeye Pizza,7
Provence Pizza,7
"Jumbo 18"" Cheese Pizza",7
Fresh5 Tomatoes and Garlic Pizza (white),7
Mama's Pizzaz,7
Sampler Pizza,7
Meat Loverampaposs Pizza,7
Pizzano's Jumbo Garlic Knots,7
House Pizza,7
Pizza Wedge,6
"Say ""Cheese"" Pizza",6
Carbonara Pizza,6
American Pizza,6
Pizza Boat,6
Pizza Steak Hoagie,6
Florence Gluten Free Pizza,6
Small The Italia GlutenFree Pizza,6
Michelangelo's White Pizza,6
Pizza Columbus,6
Pizza Vesuvio,6
Diavola Pizza,6
Howie Special Pizza,6
Pizza Luigi,6
Lone Star Bbq Pizza,6
Pizza Stromboli,6
New Ranch Romano Pizza,6
Sunbelt Vegetable Pizza,6
Pizza Dela Rotunda,6
Kona Pizza,6
Individual Pizza,6
Pizza Insalata,6
Mac and Cheese Pizza,6
Rockyampaposs Thin Crust Pizza Cheese,6
Vegetable Pizza (Red),6
Peppers and Onions Pizza,6
Quattro Stagioni Pizza,6
Island Time Pizza,6
Crispino Pizza,6
The Original BBQ Chicken Pizza and Soup Lunch Duo,6
Apple Dessert Pizza,6
1 Large Cheese Pizza and A Pitcher of Soda,6
Rio Ranch Pizza,6
Regina Margherita Pizza,5
BYO Pizza Breadstix and Drink,5
Tuna Pizza,5
Quesapizza,5
Signature Pizza Side Salad and Drink,5
Sheet Pizza,5
Pizza Pisa,5
12ampquot Medium Heaps Combo Pizza,5
Buy One Pizza Get One Free,5
Make Your Own Pizza Starter Kit,5
Pizza1,5
S'mores Pizza Dessert,5
Pizza Pollo,5
All You Can Eat Pizza & Wings,5
Fuorigrotta Pizza,5
Build Your Own Skinny Pizza,5
Vegetable Pizza Slice,5
Bacon Double Cheeseburger Pizza,5
Pizza ampamp Salad,5
8 Corner Pizza,5
"Small Greek Pizza Feta Cheese, Spinach, Onions, and Cooked Tomatoes",5
Pizza Piccante,5
Pizzadilla,5
Johnny's White Pizza,5
Mia Pizza,5
Pizza Pop,5
Chicken Francese Pizza,5
Primo Chicken Pizza,5
Extravaganza Pizza,5
GlutenFree Mexican Pizza,5
Casablanca Pizza,5
Neopolitan Pizza,5
Bricks Pizza,5
16ampquot Pineapple Pizza,5
Super Pizza,5
Roasted Red Pizza,5
Potato Pizza,5
Maui Zaui Pizza,5
Family Pizza Deal,5
Cheezy Pizza,5
Pizza Portobello,5
Pizza Fries With Beef Steak,5
Party Tray Gourmet Pizza,5
Angelo39s Special Pizza,5
Rossa Pizza,5
16 Inch Jumbo Pizza,5
Western Pizza,5
12ampquot Hawaiian Pizza,5
Bowzer39s Garden Pizza Gluten Free,4
Pizzawich Monster Sub,4
Chinese Pizza,4
Any 2 Pizza Slices,4
Pride Pizza,4
Suro Pizza Extra Thin Crust,4
Loaded Baked Potato Pizza,4
12 Pizza,4
Pizza Plaza Special,4
Fiesta Pizza,4
Burrata Pizza,4
Sofia Pizza,4
Salmon Pizza,4
Gluten Free Chicken Alfredo Pizza,4
Late Night Delivery Special 4 Pizzas,4
"8"" One Topping Pizza & 20 Oz. Soda",4
Bona Special 5 Topping Pizza,4
Chicken Cordon Bleu Pizza,4
Broccoli Pizza Roll (sauce On Side),4
Pizza Melanzane,4
"Cheese Burger Pizza (Small 12"")",4
Southwestern Pizza,4
14ampquot Large Italiano Romano Pizza,4
Lucky 7 Pizza,4
Pavia Pizza,4
Pizza of the Week,4
Old Country Pizza,4
6 Personal Pizza,4
Jack & John Pizza,4
Tandoori Love Pizza,4
Paneer Tikka Masala Pizza,4
German Pizza,4
Sweet Pizza,4
Chicken Onions ampamp Tomato Pizza,4
Big Texas BBQ Steak with Pineapple Pizza,4
Napoletana Pizza,4
The Teena Pizza,4
Pizza al Tartufo Olio,4
Super Slices 34 Pound Of Pizza,4
Pizza Skins,4
Kidampaposs BBQ Chicken Pizza,4
Honey Mustard Grilled Chicken Pizza,4
Personal Pizza w1 Topping and Small Chef Salad,4
Murphy39s Combo Pizza,4
Lubiana Pizza,4
Regular Slice Of Pizza Or Pasta Choiceampcomma Soda And Treat,4
San Daniele Pizza,4
Assorted Pizza and Wings,4
Russian Pizza,4
Large Olympia Special Pizza,4
Pizza Alla Raffaele,4
Pizza Luciano,4
Pizza Vinnie,4
Cheese Pizza Most Popular,4
Parmigianella Pizza,4
2 14ampquot 2Topping Pizzas Wings and Soda Special,4
Crab Pizza,4
Pizza With Black Olives,4
Main Street Pizza,3
King Arthur's Supreme Pizza,3
Ham Pizza,3
Pizza with Penne,3
Create Your Own Wood Fired Pizza,3
UltiMeat Pizza,3
XLarge Montague39s All Meat Marvel Pizza,3
Wombo Combo Pizza,3
RT Pizza Sandwich,3
Roasted Cauliflower Pizza,3
Meat Combo Bambina Pizza 9'',3
Plain Pizza 24'',3
Pizza Stop Special,3
Medium Pizza Forum's Special,3
Personal Appolonia Pizza,3
Free Pizza,3
Butternut Squash Pizza,3
Frozen Pizzas,3
Pizza Buccheri (the Butcher),3
Zucchini Pizza,3
Exclusive Vip Stuffed Pizza,3
Two Slices of Gourmet Pizza & a Medium Beverage,3
Pizza Romeo,3
8 Onion Pizza,3
Square Crust Pizza,3
Supremo Pizza,3
La Nova Super Steak Pizza,3
La Mamma Pizza,3
Pizza Chocolate,3
Pizza Contadina,3
Two Large Pizzas Twoliter Soda,3
Amatrice Pizza,3
"24"" One Top. Pizza, 20 Chicken Wings & a 2 Liter Soda",3
Bayou Bleu Pizza,3
Large 10 Slice Super Thin 3topping Pizza,3
The Oriole Veggie Pizza,3
Milano Garlic Chicken Pizza,3
Sausage Pizzaiola,3
Campagnola Pizza,3
N. Y. Stylepizza,3
XLarge Cheese Pizza,3
"18"" One Top. Pizza & 10 Chicken Fingers",3
Holiday Pizza,3
Naked Pizza,3
8ampquot Piccolo Spinach Pizza,3
CPK Classics Small Pizza Catering Package,3
Pizza Naturale,3
"Family Feast (Open Till Close, Every Day) (Large 3 Item Pizza, 12 Garlic Rolls, Pitcher of Beer Or Soda)",3
Kid39s California Pizza Kitchen Salad,3
Warrington Pizza Special,3
Pig Pen Pizza,3
Garden Veggie Thin Crust Pizza,3
Mama's Fresh Veggie Pizza,3
Pizza Dip,3
Triboro Pizza,3
Pastrami Pizza,3
Snack Pizza,3
Tortilla Pizza,3
2016 Worlds Best Pan Pizza the Quack Attack,3
Pizza Hero,3
Kids Make Their Own Pizza,3
Sweet Baby Ray39s BBQ Chicken Pizza,3
Sicilan Pizza,3
Memphis BBQ Chicken Pizza,3
Mozzarella Sticks Pizza Sauce,3
5 Cheese ampamp Fresh Tomato Pizza,3
Zesty Italian Pizza,3
Everest Pizza,3
Pizza Roni,3
Brunch Pizza,3
"Italian Beef Pizza (Small 12"")",3
Individual 12ampquot Lasagna Pizza,3
Mattone Pizza,3
1 Large Pizzaampcomma 18 Wingsampcomma 2 Small Fries,3
10ampquot Small Margarita Pizza,3
14ampquot Large Western Steak Pizza,3
Three Sonampaposs Special Pan Pizza,3
Ancona Pizza,3
Bari Pizza,3
Tasty Delight Pizza,3
Pollo Alla Pizzaiola,3
Bronx Bomber Pizza,3
Goat Cheese Pizza,3
Pizza Pasquale,3
Pizza Maria,3
Pizza Package,3
Smily Face Pizza,3
Pizza Bento,3
The Nino Pizza,3
Plue 2 liter Soda with 2ampcomma Pizza,2
"Pizza or 1 Iten Sub, Salad or Fries, Soda",2
Chicabroni Pizza,2
Imperial Pizza,2
Heart Healthy Pizza,2
Blackened Chicken Pizza,2
Black Bean Pizza,2
Joto's Mini Pizza,2
Two Pie Pizza Meal,2
Pizza Palace Special,2
Gluten Free Perfect Game Pizza of The Gods,2
The Tremor Pizza,2
Pizza Proscuitto E Funghi,2
Catalanos Stuffed Pizza,2
Krustyzz Pizza Sub,2
2 XLarge 18ampquot 2Topping Pizzas and 2Liter of Coke,2
Monthly Veggie Special Pizza,2
Pizza Street Buffet,2
2 Spaghetti ampamp Meatball Dinners ampamp 1 Large Plain Pizza,2
14ampquot Large MeatAPizza,2
Carciofo e Salsiccia Pizza,2
"6"" Traditional Or Old Fashioned Pizza and Salad Bar",2
12ampquot 2Topping Personal Pizza not available after 3pm,2
ampquotChicagoampquotStyle Pizza Slice,2
Pizza Pompei,2
TexMex Pizza,2
Build Your Own Pizza Wrap,2
Pizzano Pizza,2
Newyorkers Pizza,2
Old School Gondola Special Pizza (Small),2
Build Own 8ampquot Pizza,2
Speck Pizza,2
Antipasto Pizza,2
Goa Pizza,2
Boss Hog Pizza,2
Bufflao Chicken Pizza,2
Apizza Amore,2
Oaxaca Pizza Salad,2
Burnt Anchovy Pizza,2
Montana Pizza,2
Pizza Greca,2
Sundried Tomato ampamp Pesto Pizza,2
Salumi Picante Pizza,2
Austin Pizza,2
Alamo Meat Pizza,2
Carmelita Pizza,2
High Fiber Pizza,2
Baja Chicken Pizza,2
Pierogi Pizza,2
Pizza & Fingers,2
Rudy's Pizza,2
Pizza Caroline,2
Putanesca Pizza,2
Greco Pizza,2
"Pizza, Pop, Salad, Bread and Butter",2
Pizza Vallarta,2
Pizza Laguna,2
Meat Feast Pizza on a Plate No Dough,2
Large Pizza ampamp Wings Deal,2
Master Pizzas,2
America39s Favorite Feast Pizza,2
Up Side Down Pizza,2
Grama Pizza,2
Steak Portabella Pizza,2
Goodfellas Pizza,2
Large Margarita Pizza with Liter Soda,2
Slices of Plain Pizza with Can Soda,2
Small Ground Beef and Mushrooms Pizza,2
Ocean View Pizza,2
Carcass Pizza,2
Stuts Pizza,2
Farmer's Pizza,2
Spuds Supreme Pizza,2
Pizza al Tonno,2
Smores Pizza,2
Slice of Indian Pizza Pick Up Only,2
Super Mario39s Garlic knots pizza,2
"14"" Heart Shaped Pizza",2
Leaf Erikson Chicago Style Pizza,2
Large Papa39s Perfect Pizza,2
Thin Crust Spinach Pizza,2
Ground Beef Pizza Slice,2
Gino's Special Pizza,2
Quattro Gusti Pizza,2
1 Topping Pizza Pie Special Tuesdays and Thursdays Only,2
Tino's Five Cheese Pizza,2
Senor L.J.'S Taco Pizza,2
Avocado Special Pizza,2
New Bedford Portuguese Linguica Pizza,2
Raw Pizza Dough,2
The Al Capone Pizza,2
"6"" Pizza Sub",2
Bama Pizza,2
Jazzy Pizza,2
Gluten Free Pizza 9 Inch Pie,2
Pb&J Pizza,2
Daily Pasta Pizza,2
9ampquot Pizza Grinder,2
Low Fat Cheese Pizza,2
Dupont Chicken Delight Pizza (14 Inch),2
The Route 66 Pizza,2
Pizzazz,2
Mary's Original Pizza Dough Hot Dog,2
Fire & Sun Our Signature Pizza,2
Dante39s Peak Pizza,2
Cihcken Bbq Pizza,2
"14"" One Topping Pizza & Garlic Balls",2
Plain Jane Pizza,2
Northside House Specialty Pizza,2
Ceaser salad Pizza Slice,2
Jackie's White Pizza,2
Lucia Pizza,2
Mt. St. Helene's Pizza,2
Classic Apizza,2
Bbq Chicken Thin Crust Pizza,2
Pizza Rosa,2
Full Pizza Pack,2
Hitman Pizza,2
The Haight Pizza,2
Mythic Pizza,2
Pizza Night,2
One Trip With Any Pizza,2
Forbes Field Original Pizza,2
Pizza Bagel,2
Pizza Turnover (calzone) (extra Ingredient .85 Each),2
Shrimp Alla Tony Pizza,2
Bambino White Pizza and A Small Tossed Salad,2
Syrian Pizza,2
Pizza Bal,2
Pizza Di Gio,2
WoodRoasted Tomato Pizza,2
Ribeye Pizzaiola Dinner,2
Double Dough Pizza,2
Citrus Adobo Pizza,2
Summer Pizza,2
17ampquot Mushroom and Pepperoni Pizza,2
6oz Cup of Pizza Sauce,2
Mantova Pizza,2
Pizza Mare,2
Pizza Chef,2
Uncle Jesse Pizza,2
Rapini Pizza,2
Create Your Own Pizza with Udi39s Gluten Free Crust,2
J.B. Alberto Deluxe Stuffed Pizza,2
The Best Indian Pizza Vegan,2
Caruso Salad Pizza,2
Anthony's Meat Pizza,2
Sweet and Sour Sesame Chicken Pizza,2
Beef On Weck Pizza,2
Stinger Pizza,2
Tree Hugger Pizza,2
Flamethrower Spicy Pizza,2
Firenze Pizza,2
Dino's Combination Pizza (14 Large),2
Spiro Special Pizza (10 Small),2
Sarpino's White Pizza,2
Best Stop Boudin Pizza Lunch,2
2nd Pizza Disc,2
Pizza Lite,2
5Th Street Pizza,2
Pizza Bites,2
Americo Pizza,2
White Mozzarella ampamp Riccota Pizza,2
Detroit Style Square Pizza,2
Hawthornes Special White Pizza,2
Di Piazza Deluxe Pizza,2
Aaloo Gobi Pizza,2
Spicy Veg Pizza,2
Sweep The Kitchen Pizza,2
Garbage Pizza,2
Dalicia Pizza,2
Bacci Man Pizza,2
Basset Hound Pizza,2
Bark Pizza Gluten Free,2
Chicken and Waffle Pizza,1
French Baked Brie On Pizza Bread,1
"Put a ""Lid"" On It! Stuff Any Pizza",1
Chesters Lavash Pizza,1
Gucci's Pizza Fries,1
Kc Bbq Chicken Pizza,1
Cbc Pizza,1
Pizza Dipping Sauce Cup,1
Chubbies Pizza,1
18ampquot Stuffed Priazzo Pizza,1
Raimo's Pizza Special,1
"Mini Pepperoni Or Cheese Pizza, Cookie & Drink",1
White Pizza Pie with Sliced Tomato ampamp Fresh Garlic,1
Crew Pizza,1
Pizza Polpette,1
Gluten Free Nutella and Strawberries Pizza,1
Yummy Honey Cheese Pizza,1
Whitepizza,1
Pizza Lupe,1
Methi Mutter Malai Pizza,1
Pizza Beignets,1
Cosmos Pizza,1
Authentic ampquotDetroit Styleampquot Deep Dish Square Pizza,1
West Coast Combo with Sausage Pizza,1
1 X L Manhattan Pizza,1
The Gladiator Pizza,1
Josie Personal Pizza,1
Pepperoni Pizza Pinwheel,1
Thai39d Up Pizza Gluten Free,1
Bad Boy Pizza,1
Pizza Nuggets,1
Volare Round Pizza,1
Side Pizza Dressing,1
Goodie Roonie Pizza,1
Mulberry Street New York Pizza,1
Rigatoni Pizza,1
Pizza Nepoleon,1
Ultra Thin Pizza Fina Americano,1
Pizza Salsa Cruda,1
0Th Avenue Pizza,1
Chicago Style Pan Pizza Pie,1
"Lil' F. ""Pizza Burger""",1
Pink Pizza,1
Midnight Express Pizza,1
Eagle Special Pizza,1
3 Margherita pizza caesar salad ampamp 2L soda,1
The Bestseller Pizza,1
Bacon Cheeseburger Feast Pizza,1
Planet Pizzazz,1
Guacamole Pizza,1
Neptune Pizza,1
Tour of Italy Pizza,1
The Southend Pizza,1
Cowboy Pizza,1
Angus Steak and Roasted Garlic Delite Pizza,1
Fresa y Chocolate Pizza 7ampquot,1
Bruxelles Pizza,1
Masterpizza,1
Straw Hat's Pizza Sandwich,1
La Luna's Best Pizza,1
Spinach Gourmet (No Pizza Sauce),1
Brooklyn ampamp Margherita Pizza,1
The Bulldog Pizza (8 Inch),1
Dolce Pizza,1
The Triple Pep Pizza,1
7in The Miller Pizza,1
Coal Vines Regular Pie Pizza Dinner,1
Bolognese Pizza Dinner,1
Oven Toasted Pizza Sandwich,1
Angel Pizza,1
Pizza Split Charge,1
The Florine Mark Pizza,1
Bowzer39s Supreme Pizza,1
Pizza Gamberini,1
The Pizzalad,1
Personel Pizza,1
Sriracha Sausage Pizza,1
Aspendos Pizza,1
Olimpos Pizza,1
All the Way Pizza,1
Snowy Alps Pizza,1
Pizza Verdure Miste,1
The Linebacker Pizza,1
Allstar Chicken Pizza,1
Battistero Pizza Lunch,1
Copenhagen Pizza,1
Como Pizza,1
Guss Pizza Sub,1
Pizza Turnover,1
The Refrigerator Special Pizza,1
Da Bear All Meat Special Pizza,1
Pizza Cookie With Magpies Parlour Frozen Yogurt,1
Butter Parmesan Flavor To Entire Pizza,1
Mango Chaat Pizza,1
Small Memphis BBQ Pulled Pork GlutenFree Pizza,1
Small RockBottom Loop GlutenFree Pizza,1
Wbs Pizza (Writers in Baltimore Schools),1
Endless Artisan Pizza Bar,1
Hobbs Pepperoni Pizza,1
La Nova Pizza Logs (5) Served with Marinara Sauce for Dipping,1
Pizza Dawg,1
Point Pizza,1
The Prego Pizza,1
Mount Olympus Pizza,1
Suzanne39s Gourmet Vegetarian Pizza,1
Wayne39s World Pizza,1
Il Giardino Pizza,1
SUPER BOWL BURGER PIZZA SPECIAL,1
Mr Joe39s Margherita Personal Pizza,1
Pizza Filetto,1
834 2 Topping Cheese Pizza,1
Banana Split Pizza,1
Achari Veg Pizza,1
Nick's Specialty Pizza,1
Uncle Salampaposs Pizza,1
8ampquot 1Item Original Pizza and Fountain Drink,1
"Cinnammon Pizza (12"")",1
Braised Bacon and Aged Fontina Pizza,1
Carne Tripolo Pizza,1
Nana39s Love Pizza,1
Pizza Pacco,1
Jack Sprat Pizza,1
Kens Pizza,1
Pizza Carlsbad,1
100 Natural cheese Pizza,1
Gigio's Thick Dough Pizza,1
Saica Pizza,1
Pacific Veggie American Legends Pizza,1
Boscaiola Pizza,1
Monachina Pizza,1
Mugnanese Pizza,1
Lobo Pizza,1
Square Grandma Pizza 8 Pc,1
Large 1Topping Pizza ampamp Medium Sticks Special,1
Vulcano Pizza,1
Peter Cooper Pizza,1
Giant 18ampquot Tijuana Taxi Pizza,1
Isabella Pizzarella,1
Pizza Carpaccio,1
Grill Crisp Bacon Pizza Western Pizza,1
Porcini Pizza,1
Sarda Pizza,1
Every Day Special Mini Pizza,1
7ampquot Pita Pizza Express,1
Eggpland Rolatini Pizza Large,1
Michigan Ave Pizza,1
Pizza Sole,1
Bold Fold Pizza,1
Build Your Own Jet39s NY Style Pizza,1
Lacinato Kale Pesto Pizza,1
Old Mcregor Pizza,1
Mattampaposs Pizza Slice,1
Mia39s Pizza Roll,1
CBP Pizza Sandwich,1
Pizza Alle Pumante,1
Pizza Al Catupiry,1
Pugliese Pizza,1
Al Roker Pizza,1
Funghi Misti Pizza,1
Pizza Slice Window Stuffed,1
Pizza Benedict,1
Personal Pan 9ampquot Pizza with Toppings,1
Jaggerampaposs Veggie Pizza,1
Ladolce Pizza,1
The TPC Gasparilla Personal Pizza,1
Sam Giancana Pizza,1
Sprouts N' Bacon Pizza,1
Pimento Cheese Pizza,1
10ampquot Indo Pak Pizza,1
Half Sandwich with a Cup of Soup Or Salad and a Slice of Cheese Pizza,1
Rachel Ray's Favorite Pizza,1
5. Red & Green Peppers & Onions Pizza,1
Pizza Al Buono Gusto,1
Chicken Asiago Pizza Wrap,1
41. Salad Pie Pizza,1
Mr. Green Jeans Pizza,1
"Charlie Mckenna's, Lillie's Q, Bbq Pulled Pork Pizza",1
"Brian Enyart's, Dos Urban Cantina, Albondigas & Tomatillo Pizza",1
"Bill Kim's, Urban Belly, Lemongrass Sausage Pizza",1
Short Rib Pizza,1
"Brian Fisher's, Entente, Korean Fried Chicken Pizza",1
"Rick Ortiz's, Antique Taco, Chili Cheese Curd Pizza",1
6ampaposampapos Combo Pizza Lunch Special,1
All Dressed Pizza,1
Stinking Rose Pizza,1
Saporitaampaposs House Special Pizza,1
Impellizzeri's Super Pizza,1
Large Smoked Oysters and Chopped Onions Pizza,1
The Alps Pesto Pizza Pesto Pinenuts and Tomatoes,1
Alyssas White Pizza,1
Goodyampaposs Greek Pizza,1
Scorpion Pepper Pizza,1
Sex On the Pizza Beach,1
Pizza Beach Tee,1
Lamb Merguez and Oaxaca Pizza,1
Breakfast Pie Brunch Pizza,1
Mumbai Ripieno Pizza,1
Sea Salt Special Pizza,1
Elliott39s Pizza,1
Mexi Pizza,1
Pizza Al Fresco,1
Teddyampaposs Supreme Pizza,1
ampaposOld World Pizzaampapos,1
Pizza Knish,1
The Milwaukee Special Pizza,1
Garlic Pizza Brad Add One Topping,1
"7"" Pizza Or Stromboli Breadsticks Or Salad",1
19 Old World Pepperoni Pizza,1
La Ortolana Pizza,1
Aguascalientes Pizza,1
Updyke Pizza,1
1 Topping Joey's Delicious Pizza,1
Tiger Pizza,1
Alligator Pizza,1
Slice Plain Pizza with Fries,1
Daniellos Special Pizza Medium,1
Bowery Boy Pizza,1
Ratatouille Pizza,1
Wurstel Pizza,1
The Jj Twig or Mexican Pizza,1
The Colossus Pizza,1
Moosehead Traditional Crust Pizza,1
Wake ampamp Bake Pizza,1
The Paramount Pizza,1
Herb Chicken Mediterranean Delite Pizza,1
The Nocerina Pizza,1
Kosmic Karma Pizza,1
14 The Green Beret Pizza,1
Uncle Frank's Pizzamaestro,1
Knollas Famous Dessert Pizza,1
Hummus Pizza,1
"""Morning"" Pizza (12"" Medium)",1
Desset Pizza,1
Carbone's Pizza Sticks,1
Spin! Your Own Pizza,1
L and B Pizza 8 Square Pie,1
Jhana Pizza,1
Widow Maker Pizza,1
Morgan Pizza,1
Pizza Muffins,1
12x18ampquot The Original D39Amore Pizza,1
Try a Signature Pizza Or Build Your Own Single Topping 10 Pizza,1
Vodga Gourmet Pizza,1
Dion's Pizza Kit,1
Pizza Subserved On Fresh Rolls and Prepared On Grill.,1
Soldier & Sailors Supreme Pizza,1
Sam's Combo Pizza,1
Pizza Pairings,1
Pizza Flipps,1
piesano's Pizzas,1
Large Sweet Lou's Authentic Chicago Stuffed Pizza and 1 Item,1
Mount Combo Pizza,1
Ronnally's Dessert Pizza,1
Italian Fry (Cheese Pizza),1
M&M Pizza,1
Sorrento Round Pan Pizza (8 Slices),1
Malto Meat Pizza,1
Goomba Supreme Pizza,1
Pizza Inferno (spicy),1
The Gilroy Pizza,1
Beach Bum Pizza,1
Sunday 1 Extra Large 1 Item Pizza 2 Orders of Wings amp a 2Liter Soda,1
"Pizza Sauce, Mozerella and Any 3 Items",1
Pizza Avanti,1
Lido Delle Nazioni Pizza,1
12&#34 Focaccia Pizza,1
"Eggplant Pizza Marinara Sauce, Mozzarella Cheese and Eggplant",1
6 Inches Baby Bearnoampaposs Pizzaampcomma,1
Allen's Pizza,1
Asparagus & Mushroom Pizza,1
Brownie Pizza,1
Pizza Bonanza Box Lunch,1
Sterling Pan Pizza,1
Cheese Pizza (mozzarella) Whole Milk or Skimed,1
Enzo's Pizza,1
Aunt Mary's Friday Night Pizza,1
That's a Gouda Pizza Salad,1
Pizza Burger Wedge with Lettuce and Tomato,1
"""Bro""luxe Pizza",1
Naga Pizza,1
Reuben Pizza,1
Vegan It39s Greek to Me Pizza,1
Lana's Cinnamon Dessert Pizza,1
Monster Cheese Pizza,1
Vivian Linea Pizza,1
Pizza Insurance,1
Pizza Coop Mudslide,1
Tricolot'e Pizza,1
Price Buster Pizza,1
D&V Special Pizza,1
Yankee Stadium Pizza,1
Heavyweight Pizza,1
March Madness Pizza,1
The Kitchen Sink Pizza,1
"""Cholesterol Bomb"" Pizza",1
"1 Large Pizza, Chicken Fingers, French Fries, 6 Garlic Knots, 2 Liter",1
4 Manggio Stuffed Pizza,1
Frittata Prosciutto E Formaggi Pizza,1
Spicy Pepper Jack Cheese Steak Pizza,1
Jethro Pizza,1
Healthy Heartland Pizza,1
The Detroiter Deep Dish Pizza,1
Pizza Partytm Discount,1
Michaelangelo's Masterpiece Pizza,1
Mr. Mike's Pizza Sub,1
Pizza Marg Herita,1
Nacho Pizza,1
Rasha's Seafood Pizza,1
Endless Pizza Plate,1
Dry Fish Pizza,1
Ghost Pizza,1
